Trait,Temp,Slope,Slope_LCI,Slope_UCI
GSA,15,0.96922,0.9309819,1.007451
GSA,20,0.97635,0.9045867,1.048119
RMR,15,0.87212,0.8359237,0.9083207
RMR,20,0.82982,0.7972007,0.8624366
MMR,15,0.94312,0.8851599,1.00108182
MMR,20,0.88242,0.8234781,0.94135943